season,episode_number,title,airdate,rating,total_votes,description,episode
1,01,Uno,2017-10-04,8.5,18386,Struggling public defender Jimmy McGill constructs an elaborate yet questionable plan for winning back a pair of wealthy potential clients.,"S1, Ep01"
1,02,Mijo,2015-02-09,8.9,17409,Jimmy's latest scam has gone horribly wrong and he's face-to-face with violent criminals and being forced to talk his way out of a life-threatening situation.,"S1, Ep02"
1,03,Nacho,2015-02-16,8.7,14709,Jimmy must prove that Nacho is innocent when he is wrongly suspected of kidnapping.,"S1, Ep03"
1,04,Hero,2015-02-23,8.4,13260,Jimmy makes a bold move against Hamlin in an effort to attract potential clients.,"S1, Ep04"
1,05,Alpine Shepherd Boy,2015-03-02,8.0,12759,"After a strange encounter with the police, Chuck ends up in the hospital. Jimmy meets up with a series of unruly clients.","S1, Ep05"
1,06,Five-O,2015-03-09,9.4,20156,Mike's days as a police officer in Philadelphia catch up to him when he's questioned about a tragic event from his past.,"S1, Ep06"
1,07,Bingo,2015-03-16,8.6,12165,The Kettlemans seek Jimmy as their lawyer after turning down an offer from HHM.,"S1, Ep07"
1,08,RICO,2015-03-23,8.7,11890,"Jimmy discovers the Sandpiper Retirement Home has been scamming his elderly clients, and prepares to take legal action.","S1, Ep08"
1,09,Pimento,2015-03-30,9.4,16170,Chuck wants to transfer the Sandpiper case to HHM much to Jimmy's dismay. Mike gets a job offer working as a bodyguard.,"S1, Ep09"
1,10,Marco,2015-04-06,8.6,12648,Jimmy seizes an opportunity to reconnect with an old friend; Chuck adjusts to a new way of life.,"S1, Ep10"
2,01,Switch,2016-02-15,8.3,10776,Jimmy decides to quit the law after turning down a job at Davis & Main. Mike breaks ties with a former associate.,"S2, Ep01"
2,02,Cobbler,2016-02-22,8.5,9923,"While Mike attempts to track down Pryce's stolen baseball cards, Jimmy must defend him when the police call him in for further questioning.","S2, Ep02"
2,03,Amarillo,2016-02-29,8.2,9490,Jimmy struggles with client outreach and decides to shoot a TV commercial for Davis & Main. Mike begins an investigation.,"S2, Ep03"
2,04,Gloves Off,2016-03-07,8.9,10315,Mike makes a deal with Nacho in regards to his newest job offer. Jimmy and Kim face the repercussions of the TV commercial.,"S2, Ep04"
2,05,Rebecca,2016-03-14,8.0,9407,Jimmy chafes under his restrictive work environment; Kim goes to extremes to dig herself from a bottomless hole at HHM.,"S2, Ep05"
2,06,Bali Ha'i,2016-03-21,8.4,9218,"Jimmy finds comfort in familiarity; Kim receives a life-changing proposal; when he is threatened, Mike finds himself pushed to the limit.","S2, Ep06"
2,07,Inflatable,2016-03-28,8.4,9140,"When Mike's hand is forced, he can no longer hide his frustration; Mike and Jimmy work together to keep the peace.","S2, Ep07"
2,08,Fifi,2016-04-04,8.3,9024,"Kim hopes to keep the Mesa Verde case, but HHM won't let it go without a fight. Mike stakes out the Salamanca's business.","S2, Ep08"
2,09,Nailed,2016-04-11,9.3,11442,Mike takes a methodical approach to his mission; someone questions Chuck's capabilities; Jimmy faces a personal dilemma.,"S2, Ep09"
2,10,Klick,2016-04-18,9.0,10369,Jimmy must make a hard choice; Mike takes control of matters; Hamlin delivers shocking news.,"S2, Ep10"
3,01,Mabel,2017-04-10,8.1,9924,"As Chuck plots his next move, another lie comes back to haunt Jimmy. A rattled Mike tries to find out who's been tracking his movements - and how.","S3, Ep01"
3,02,Witness,2017-04-17,9.0,10374,Jimmy and Kim hire an assistant; Mike seeks out a mysterious acquaintance; and Chuck uses the law to gain an advantage over Jimmy.,"S3, Ep02"
3,03,Sunk Costs,2017-04-24,8.5,9043,"Jimmy decides to represent a new client, much to Kim's dismay. Meanwhile, Mike meets a formidable ally who presents him an enticing offer.","S3, Ep03"
3,04,Sabrosito,2017-05-01,8.9,9832,"Jimmy calls in a favor from Mike. Meanwhile, new complications disrupt the Salamancas' business; and Chuck and Jimmy struggle to compromise.","S3, Ep04"
3,05,Chicanery,2017-05-08,9.7,20887,Kim and Jimmy face off with Chuck and Howard at the New Mexico Bar Association hearing.,"S3, Ep05"
3,06,Off Brand,2017-05-15,8.5,8899,"Needs must, so Jimmy is back in the commercial making business. Chuck pushes himself to the limit. Nacho finds himself ensnared in a power struggle.","S3, Ep06"
3,07,Expenses,2017-05-22,8.2,8642,Jimmy tries to settle his debts. Nacho reunites with an old acquaintance. Mike helps Stacey with a project and makes a meaningful connection.,"S3, Ep07"
3,08,Slip,2017-06-05,8.5,8583,Jimmy is pushed to desperate measures. Nacho picks up a skill and Mike explores an alliance. Kim stands up to Hamlin.,"S3, Ep08"
3,09,Fall,2017-06-12,8.8,8998,Jimmy visits Irene at Sandpiper Crossing to see how the class action lawsuit is going; Chuck and Howard spar over the future of the firm; and Kim faces challenges after deciding to take on a new client.,"S3, Ep09"
3,10,Lantern,2017-06-19,9.2,11155,"Kim resolves to take some time off from work, while Jimmy does his best to make amends; Nacho takes a major gamble with his future; Hamlin applies pressure on Chuck to finally make a decision.","S3, Ep10"
4,01,Smoke,2018-08-06,8.2,9274,Jimmy struggles to cope with Chuck's tragic incident. Mike ponders his role at Madrigal. Howard makes a startling confession.,"S4, Ep01"
4,02,Breathe,2018-08-13,8.8,9321,Jimmy seeks new employment. Gus navigates the fallout from Hector's collapse. Kim endeavors to support Jimmy in the wake of Chuck's death.,"S4, Ep02"
4,03,Something Beautiful,2018-08-20,8.5,8507,"Jimmy puts a risky plan into motion; as alliances shift, Nacho finds himself in the crosshairs; Kim contemplates her future.","S4, Ep03"
4,04,Talk,2018-08-27,8.2,8378,A restless Jimmy embarks on a new endeavor while Mike burns bridges; Kim pursues her bliss; Nacho tries to survive a turf war.,"S4, Ep04"
4,05,Quite a Ride,2018-09-03,8.5,8471,Jimmy identifies a new market for his talents; Mike vets a potential partnership; Kim drives a hard bargain.,"S4, Ep05"
4,06,Pi√±ata,2018-09-10,8.5,8328,"While Jimmy daydreams about reconstituting Wexler-McGill, Kim sets out to secure her own future; Mike puts a plan into motion for Gus.","S4, Ep06"
4,07,Something Stupid,2018-09-17,8.3,8284,Jimmy runs into a problem as he expands his business that only Kim can solve. Gus gets involved in Hector's medical care. Mike has to deal with a setback.,"S4, Ep07"
4,08,Coushatta,2018-09-24,8.8,8879,"Jimmy goes to great lengths to right a wrong, as Kim pulls out all the stops for a case; Mike lets his team blow off steam; Nacho receives a visitor.","S4, Ep08"
4,09,Wiedersehen,2018-10-01,9.1,9249,Jimmy attends his reinstatement hearing at the Bar Association; Nacho is forced to make the rounds with Lalo; Mike has cause to worry.,"S4, Ep09"
4,10,Winner,2018-10-08,9.5,13721,Lalo tails Mike as he attempts to track down Werner; Jimmy and Kim invoke the memory of Chuck for the Bar Association appeal hearing.,"S4, Ep10"
5,01,Magic Man,2020-02-23,8.7,10637,"Lalo searches for the mysterious Michael. Now doing business as Saul Goodman, Jimmy unveils an unorthodox strategy that tests Kim's tolerance.","S5, Ep01"
5,02,50% Off,2020-02-24,8.7,10051,"Jimmy's promotional stunt has unintended consequences. Nacho takes extreme measures to earn Lalo's trust. Saul is a success at the courthouse, but still has yet to win Kim over. Simmering with rage and self-loathing, Mike loses his temper.","S5, Ep02"
5,03,The Guy for This,2020-03-02,9.0,10514,Jimmy's business enters uncharted territory. Kim's confidence is tested when she's faced with a legal problem only she can solve. Nacho navigates increased pressure from Gus. Mike continues to spiral.,"S5, Ep03"
5,04,Namaste,2020-03-09,8.6,9381,"As Jimmy doubles down on ""Saul Goodman"", a deeply conflicted Kim brings him an interesting proposition. Gus makes a sacrifice in order to play the long game. Mike attempts to smooth things over with his family.","S5, Ep04"
5,05,Dedicado a Max,2020-03-16,8.6,9541,"As she and Jimmy grow closer over their campaign to help a client, Kim makes a surprising call; Mike is restless during his out-of-town recuperation.","S5, Ep05"
5,06,Wexler v. Goodman,2020-03-23,9.3,12206,"Kim has a change of heart, but Saul is determined to stick it to Mesa Verde; Mike turns the heat up on Lalo; Nacho attempts to enlist support from above.","S5, Ep06"
5,07,JMM,2020-03-30,9.0,10946,Jimmy and Kim build a legal firewall with help from Huell; Kim sets things straight with her clients as Jimmy is compromised by his; Gus calms troubled waters in service of his plot to build an empire; Mike does damage control.,"S5, Ep07"
5,08,Bagman,2020-04-06,9.7,21158,"When a simple errand for a client goes sideways, Jimmy is pushed to the limit; Mike takes measures to contain the wrath of the cartel; Lalo gets an unexpected visitor.","S5, Ep08"
5,09,Bad Choice Road,2020-04-13,9.7,21148,"In the wake of Jimmy's traumatic misadventure, Kim takes stock of what is important; Jimmy attempts to return to business as usual, but it's more difficult than anticipated; Gus and Mike set a plan in motion.","S5, Ep09"
5,10,Something Unforgivable,2020-04-20,9.3,14751,Jimmy and Kim make a sideways move that takes a serious turn; Nacho gets closer to the cartel than he'd like.,"S5, Ep10"
6,01,Wine and Roses,2022-04-18,8.8,15044,Nacho runs for his life. Saul and Kim hatch a plan to mess with Howard. Mike questions his allegiances.,"S6, Ep01"
6,02,Carrot and Stick,2022-04-18,9.1,15102,Kim and Saul enlist some familiar faces in their scheme to get Howard. Harsh realities dawn on Nacho. Gus investigates his suspicions.,"S6, Ep02"
6,03,Rock and Hard Place,2022-04-25,9.7,24834,"Still on the run, Nacho is forced to choose where his loyalties lie. Saul must decide whether he wants to remain a ""friend of the cartel"" after his reputation is called into question. Gus and Mike ready the team for a meet.","S6, Ep03"
6,04,Hit and Run,2022-05-02,8.6,13134,"Despite assurances from the cartel, Gus takes extreme measures to protect himself against looming threats. Kim and Saul enlist the help of a local pro to put on a show for Cliff Main. Howard seeks outside counsel.","S6, Ep04"
6,05,Black and Blue,2022-05-09,8.1,12640,"While business booms for Jimmy, the vise tightens on the cat-and-mouse game between Gus and Lalo.","S6, Ep05"
6,06,Axe and Grind,2022-05-16,8.2,12261,Kim and Jimmy enlist a knowledgeable contact; Howard scrutinizes Jimmy's business practices.,"S6, Ep06"
6,07,Plan and Execution,2022-05-23,9.9,41533,Jimmy and Kim deal with a last-minute snag in their plan; Lalo is forced to make an unexpected move.,"S6, Ep07"
6,08,Point and Shoot,2022-07-11,9.8,30014,An unexpected visitor forces Jimmy and Kim to face the consequences of their actions.,"S6, Ep08"
6,09,Fun and Games,2022-07-18,9.4,19500,Gus attempts to smooth things over with the cartel while Mike ties up loose ends as Jimmy and Kim deal with the repercussions of their actions.,"S6, Ep09"
6,10,Nippy,2022-07-25,8.6,18915,A lost dog leads to a new friend. A new player gets in the game.,"S6, Ep10"
6,11,Breaking Bad,2022-08-01,9.1,20198,The partners escalate their enterprise to new levels.,"S6, Ep11"
6,12,Waterworks,2022-08-08,9.5,21510,The stakes are raised when a discovery is made that will send shockwaves far and wide.,"S6, Ep12"
6,13,Saul Gone,2022-08-15,9.8,42317,"Six years before he meets Walter White, small-time lawyer Jimmy McGill transforms into his alias, Saul Goodman -- a man who puts the ""criminal"" in ""criminal lawyer"" -- and searches for his destiny, hustling to make a name for himself.","S6, Ep13"
